"HolderAddress","Balance","UNI-V2 LP Balance"
"0x9df53ded25dbf14de92ca6f25b5776d29aa471c2","113811403.705544","8,706.769283665093517688"
