"HolderAddress","UNI-V2 LP Balance"
"0x1831f128d0efc1cda0fa104b08ad14a3fcb42af4","6643.99484163457"
"0x9df53ded25dbf14de92ca6f25b5776d29aa471c2","8706.76928366509"
