"HolderAddress","Balance"
"0x1831f128d0efc1cda0fa104b08ad14a3fcb42af4","6643.99484163457"
"0x92ba54e21704b76881f656bdf19dc88ebfc442ee","21005.2521931293"
"0x9df53ded25dbf14de92ca6f25b5776d29aa471c2","8706.76928366509"
"0xa7577f841d95b1331954c936d71fe45ba2f62fe5","3146.42654451045"
